{
  "hash": "8136f7ca",
  "configHash": "fdea097a",
  "lockfileHash": "92000099",
  "browserHash": "45c080d8",
  "optimized": {
    "@angular/core": {
      "src": "../../../../../../node_modules/@angular/core/fesm2022/core.mjs",
      "file": "@angular_core.js",
      "fileHash": "c2ce4dfa",
      "needsInterop": false
    },
    "@angular/platform-browser": {
      "src": "../../../../../../node_modules/@angular/platform-browser/fesm2022/platform-browser.mjs",
      "file": "@angular_platform-browser.js",
      "fileHash": "ffe938e4",
      "needsInterop": false
    },
    "@angular/router": {
      "src": "../../../../../../node_modules/@angular/router/fesm2022/router.mjs",
      "file": "@angular_router.js",
      "fileHash": "5e1e0809",
      "needsInterop": false
    },
    "@angular/common": {
      "src": "../../../../../../node_modules/@angular/common/fesm2022/common.mjs",
      "file": "@angular_common.js",
      "fileHash": "2664950b",
      "needsInterop": false
    }
  },
  "chunks": {
    "chunk-QUTJW3OX": {
      "file": "chunk-QUTJW3OX.js"
    },
    "chunk-GR2ZYQ2A": {
      "file": "chunk-GR2ZYQ2A.js"
    },
    "chunk-TO4CFXQS": {
      "file": "chunk-TO4CFXQS.js"
    }
  }
}