{
  "hash": "6178e0cd",
  "configHash": "74903584",
  "lockfileHash": "b6af9ed2",
  "browserHash": "7602d5f6",
  "optimized": {
    "@angular/core": {
      "src": "../../../../../../node_modules/@angular/core/fesm2022/core.mjs",
      "file": "@angular_core.js",
      "fileHash": "4ff40d8e",
      "needsInterop": false
    },
    "@angular/forms": {
      "src": "../../../../../../node_modules/@angular/forms/fesm2022/forms.mjs",
      "file": "@angular_forms.js",
      "fileHash": "6d5d1ee5",
      "needsInterop": false
    },
    "@angular/platform-browser": {
      "src": "../../../../../../node_modules/@angular/platform-browser/fesm2022/platform-browser.mjs",
      "file": "@angular_platform-browser.js",
      "fileHash": "3e950d31",
      "needsInterop": false
    },
    "@angular/router": {
      "src": "../../../../../../node_modules/@angular/router/fesm2022/router.mjs",
      "file": "@angular_router.js",
      "fileHash": "08f48dc4",
      "needsInterop": false
    }
  },
  "chunks": {
    "chunk-6FFB2NHC": {
      "file": "chunk-6FFB2NHC.js"
    },
    "chunk-NLDELHJ4": {
      "file": "chunk-NLDELHJ4.js"
    },
    "chunk-PSGA3BG2": {
      "file": "chunk-PSGA3BG2.js"
    }
  }
}